{
  "group": "",
  "location": {
    "world": "build_world",
    "x": 66.27689593664508,
    "y": 65.0,
    "z": 316.51272219230157,
    "yaw": -159.15002,
    "pitch": 19.050007
  },
  "operator": true,
  "can-fly": true,
  "walk-speed": 0.1999441,
  "fly-speed": 0.09997205
}