{"world":"build_world","x":82.58217874110542,"y":76.0,"z":298.8254909782492,"pitch":-5.5609136,"yaw":-132.87894}