{"world":"build_world","x":31.81150835563279,"y":97.37535273867357,"z":319.92115705464596,"pitch":17.120169,"yaw":185.90796}