{
  "group": "",
  "location": {
    "world": "build_world",
    "x": 69.3415334720095,
    "y": 65.0,
    "z": 277.8051025700208,
    "yaw": 178.64793,
    "pitch": 12.749971
  },
  "operator": true,
  "can-fly": true,
  "walk-speed": 0.19966255,
  "fly-speed": 0.19966255
}