{"world":"survival_lobby","x":-6.187426940475074,"y":141.0625,"z":28.29152040997449,"pitch":6.15001,"yaw":-196.34839}