{"world":"build_world","x":71.75599897532774,"y":76.0,"z":302.2257912218259,"pitch":23.550013,"yaw":144.35352}