{
  "group": "",
  "location": {
    "world": "build_world",
    "x": 81.9633898322004,
    "y": 73.61769684561418,
    "z": 331.309537582631,
    "yaw": -256.312,
    "pitch": 3.5455987
  },
  "operator": true,
  "can-fly": true,
  "walk-speed": 0.19994609,
  "fly-speed": 0.099973045
}