{"world":"build_world","x":80.3000000119209,"y":90.20000004768372,"z":298.30000001192093,"pitch":46.800014,"yaw":132.58084}