{"world":"survival_lobby","x":-5.240961023041776,"y":144.30568920740785,"z":23.77784552279338,"pitch":17.908958,"yaw":-357.92627}