{"world":"build_world","x":80.45327182927487,"y":83.68772865237779,"z":304.67471537384233,"pitch":30.750006,"yaw":179.39178}