{"world":"build_world","x":81.9633898322004,"y":73.61769684561418,"z":331.309537582631,"pitch":3.5455987,"yaw":-256.312}