{
  "group": "",
  "location": {
    "world": "build_world",
    "x": 107.27255383436771,
    "y": 84.0,
    "z": 325.4655135146518,
    "yaw": -349.0371,
    "pitch": 14.099916
  },
  "operator": true,
  "can-fly": true,
  "walk-speed": 0.19960864,
  "fly-speed": 0.19960864
}