{"world":"build_world","x":74.45810630904168,"y":65.0625,"z":266.38751388818025,"pitch":14.399976,"yaw":-180.59595}