{
  "group": "",
  "location": {
    "world": "survival_lobby",
    "x": -6.187426940475074,
    "y": 141.0625,
    "z": 28.29152040997449,
    "yaw": -196.34839,
    "pitch": 6.15001
  },
  "operator": true,
  "can-fly": true,
  "walk-speed": 0.19997405,
  "fly-speed": 0.09998702
}