{"world":"build_world","x":107.27255383436771,"y":84.0,"z":325.4655135146518,"pitch":14.099916,"yaw":-349.0371}