{"world":"build_world","x":66.69999998807904,"y":65.0,"z":255.30000001192093,"pitch":30.750004,"yaw":211.13086}