{"world":"survival_world","x":224.57879160969318,"y":12.0,"z":176.30000001192093,"pitch":9.458453,"yaw":-253.92255}