{"world":"build_world","x":86.80172193286613,"y":70.0,"z":332.5885512659262,"pitch":24.599863,"yaw":-254.54956}