{"world":"build_world","x":69.3415334720095,"y":65.0,"z":277.8051025700208,"pitch":12.749971,"yaw":178.64793}