{"world":"survival_lobby","x":-10.507294903075785,"y":145.0,"z":30.242058034483524,"pitch":36.8999,"yaw":264.9065}