{"world":"survival_world","x":261.30000001192093,"y":63.0,"z":89.9677904813121,"pitch":19.807919,"yaw":-336.29047}