{"world":"build_world","x":66.27689593664508,"y":65.0,"z":316.51272219230157,"pitch":19.050007,"yaw":-159.15002}