{
  "group": "",
  "location": {
    "world": "survival_world",
    "x": 224.57879160969318,
    "y": 12.0,
    "z": 176.30000001192093,
    "yaw": -253.92255,
    "pitch": 9.458453
  },
  "operator": true,
  "can-fly": true,
  "walk-speed": 0.19999002,
  "fly-speed": 0.09999501
}