{
  "group": "",
  "location": {
    "world": "build_world",
    "x": 31.81150835563279,
    "y": 97.37535273867357,
    "z": 319.92115705464596,
    "yaw": 185.90796,
    "pitch": 17.120169
  },
  "operator": true,
  "can-fly": true,
  "walk-speed": 0.19999002,
  "fly-speed": 0.09999501
}