{"world":"survival_world","x":282.8762422306549,"y":11.0,"z":185.2173982409858,"pitch":23.85001,"yaw":226.65454}