{
  "group": "",
  "location": {
    "world": "survival_world",
    "x": 282.8762422306549,
    "y": 11.0,
    "z": 185.2173982409858,
    "yaw": 226.65454,
    "pitch": 23.85001
  },
  "operator": true,
  "can-fly": false,
  "walk-speed": 0.19999202,
  "fly-speed": 0.09999601
}