{"world":"survival_lobby","x":-3.790889277206279,"y":145.40654737113994,"z":23.69262830383377,"pitch":25.759186,"yaw":6.5650635}