{
  "group": "",
  "location": {
    "world": "build_world",
    "x": 80.3000000119209,
    "y": 90.20000004768372,
    "z": 298.30000001192093,
    "yaw": 132.58084,
    "pitch": 46.800014
  },
  "operator": true,
  "can-fly": true,
  "walk-speed": 0.2,
  "fly-speed": 0.1
}