{
  "group": "",
  "location": {
    "world": "build_world",
    "x": 66.69999998807904,
    "y": 65.0,
    "z": 255.30000001192093,
    "yaw": 211.13086,
    "pitch": 30.750004
  },
  "operator": true,
  "can-fly": true,
  "walk-speed": 0.19999601,
  "fly-speed": 0.19999601
}